id,slug,pet_number,pet_name,species,age,age_unit,sex,reproductive_status,color,source,image_path,created_at,updated_at
1,feline-puspin-1743221604-0q1c2,1,N/A,feline,1,years,female,unknown,tri-color,rescued,pet-images/pet1_20250329121323.jpg,29/03/2025 12:13,29/03/2025 12:34
2,feline-puspin-1743221743-kqnz6,3,N/A,feline,1,years,female,unknown,white,rescued,pet-images/pet3_20250329121543.jpg,29/03/2025 12:15,29/03/2025 12:15
3,feline-puspin-1743222783-4i2nk,4,N/A,feline,9,months,female,unknown,tri-color,rescued,pet-images/pet4_20250329123303.jpg,29/03/2025 12:33,04/04/2025 22:09
4,feline-puspin-1743222814-zcjid,5,N/A,feline,2,years,female,unknown,tri-color,rescued,pet-images/pet5_20250329123334.jpg,29/03/2025 12:33,29/03/2025 12:33
5,feline-puspin-1743222937-ctyrn,6,N/A,feline,1,years,male,unknown,bi-color,rescued,pet-images/pet6_20250329123537.jpg,29/03/2025 12:35,29/03/2025 12:35
6,feline-puspin-1743223216-g7uuc,7,N/A,feline,2,years,female,unknown,bi-color,rescued,pet-images/pet7_20250329124016.jpg,29/03/2025 12:40,29/03/2025 12:40
7,feline-puspin-1743223247-fsofq,8,N/A,feline,2,years,male,unknown,orange,rescued,pet-images/pet8_20250329124047.jpg,29/03/2025 12:40,29/03/2025 12:40
8,feline-puspin-1743223347-53gwd,10,N/A,feline,1,years,male,unknown,orange,rescued,pet-images/pet10_20250329124227.jpg,29/03/2025 12:42,29/03/2025 12:43
9,feline-puspin-1743223450-q4mmr,12,N/A,feline,8,months,male,unknown,bi-color,rescued,pet-images/pet12_20250329124410.jpg,29/03/2025 12:44,29/03/2025 12:44
10,feline-puspin-1743223495-g2xij,13,N/A,feline,1,years,male,unknown,tabby,rescued,pet-images/pet13_20250329124455.jpg,29/03/2025 12:44,01/04/2025 17:22
23,feline-puspin-1743498669-isdw6,14,N/A,feline,10,months,female,unknown,brindle,rescued,pet-images/pet14_20250401171109.jpg,01/04/2025 17:11,01/04/2025 19:38
24,feline-puspin-1743498751-hievc,15,N/A,feline,1,years,male,unknown,orange,rescued,pet-images/pet15_20250401171231.jpg,01/04/2025 17:12,01/04/2025 17:13
25,feline-puspin-1743498845-nahg9,16,N/A,feline,1,years,male,unknown,tabby,rescued,pet-images/pet16_20250401171405.jpg,01/04/2025 17:14,01/04/2025 17:14
26,feline-puspin-1743506734-zvtjw,19,N/A,feline,1,years,female,unknown,black,rescued,pet-images/pet19_20250401192534.jpg,01/04/2025 19:25,01/04/2025 19:25
27,feline-puspin-1743506840-6e7yd,20,N/A,feline,1,years,female,unknown,bi-color,rescued,pet-images/pet20_20250401192720.jpg,01/04/2025 19:27,01/04/2025 19:27
28,feline-puspin-1743506873-jbozv,20,N/A,feline,8,months,male,unknown,tabby,rescued,pet-images/pet20_20250401192753.jpg,01/04/2025 19:27,01/04/2025 19:27
29,feline-1-1743506926-4ynxk,21,N/A,feline,1,years,male,unknown,bi-color,rescued,pet-images/pet21_20250401192846.jpg,01/04/2025 19:28,01/04/2025 19:29
30,feline-puspin-1743506986-tlxwx,22,N/A,feline,1,years,female,unknown,tri-color,rescued,pet-images/pet22_20250401192945.jpg,01/04/2025 19:29,01/04/2025 19:29
31,feline-puspin-1743507014-twxwg,24,N/A,feline,1,years,male,unknown,bi-color,rescued,pet-images/pet24_20250401193014.jpg,01/04/2025 19:30,01/04/2025 19:30
32,feline-puspin-1743507049-tsnsy,25,N/A,feline,10,months,female,unknown,brindle,rescued,pet-images/pet25_20250401193049.jpg,01/04/2025 19:30,01/04/2025 19:37
33,feline-puspin-1743507085-9x0ax,26,N/A,feline,2,years,female,unknown,bi-color,rescued,pet-images/pet26_20250401193125.jpg,01/04/2025 19:31,01/04/2025 19:31
34,feline-puspin-1743507112-nyrt2,29,N/A,feline,1,years,male,unknown,white,rescued,pet-images/pet29_20250401193152.jpg,01/04/2025 19:31,01/04/2025 19:31
35,feline-puspin-1743508810-ydsbf,99,Kulit,feline,2,months,female,intact,tri-color,surrendered,pet-images/pet99_20250401200010.svg,01/04/2025 20:00,01/04/2025 20:00
36,canine-askal-1743509184-x6j5s,99,N/A,canine,3,months,male,intact,bi-color,surrendered,pet-images/pet99_20250401200624.svg,01/04/2025 20:06,01/04/2025 20:06
37,canine-askal-1743509226-eyjrn,99,Anton,canine,3,months,male,intact,bi-color,other,pet-images/pet99_20250401200706.svg,01/04/2025 20:07,01/04/2025 20:07
38,feline-puspin-1743509302-govai,99,Lilo,feline,8,months,male,neutered,bi-color,other,pet-images/pet99_20250401200822.svg,01/04/2025 20:08,01/04/2025 20:08
40,feline-1743511213-yq7ig,99,Delila,feline,1,years,female,neutered,tri-color,rescued,pet-images/pet99_20250401204013.svg,01/04/2025 20:40,01/04/2025 20:40
41,feline-1743511289-fophh,99,Kitty,feline,1,years,female,neutered,tri-color,rescued,pet-images/pet99_20250401204129.svg,01/04/2025 20:41,01/04/2025 20:41
42,canine-1743511338-ncg2u,99,Javier,canine,2,months,male,intact,bi-color,surrendered,pet-images/pet99_20250401204218.svg,01/04/2025 20:42,01/04/2025 20:42
43,feline-1743511616-gezky,99,Bruno,feline,3,years,male,intact,bi-color,rescued,pet-images/pet99_20250401204656.svg,01/04/2025 20:46,01/04/2025 20:46
44,canine-1743511706-dionr,99,Sophia,canine,2,months,female,intact,brown,surrendered,pet-images/pet99_20250401231057.svg,01/04/2025 20:48,02/04/2025 1:58
45,canine-1743221604-0q1c2,99,Rodel,canine,2,months,male,intact,bi-color,surrendered,pet-images/pet99_20250401222054.svg,29/03/2025 12:13,01/04/2025 22:20
46,canine-1743221604-0q1c3,99,Blacky,canine,4,months,female,intact,black,rescued,pet-images/pet99_20250401230951.svg,29/03/2025 12:13,01/04/2025 23:09
47,feline-1743221604-0q1c4,99,N/A,feline,5,years,female,intact,tri-color,surrendered,pet-images/pet99_20250401231006.svg,29/03/2025 12:13,01/04/2025 23:10
48,canine-1743221604-0q1c5,99,Leleng,canine,4,months,female,intact,brown,surrendered,pet-images/pet99_20250401231017.svg,29/03/2025 12:13,01/04/2025 23:10
49,feline-1743221604-0q1c6,99,N/A,feline,3,years,male,unknown,bi-color,other,pet-images/pet99_20250401231051.svg,29/03/2025 12:13,01/04/2025 23:10
50,feline-1743221604-0q1c7,99,N/A,feline,7,months,female,unknown,bi-color,rescued,pet-images/pet99_20250401231125.svg,29/03/2025 12:13,01/04/2025 23:11
51,canine-1743221604-0q1c8,99,N/A,canine,4,months,female,unknown,black,surrendered,pet-images/pet99_20250401231939.svg,29/03/2025 12:13,01/04/2025 23:19
52,feline-1743221604-0q1c9,99,Harrold,feline,2,years,male,unknown,orange,surrendered,pet-images/pet99_20250401231950.svg,29/03/2025 12:13,01/04/2025 23:19
53,feline-1743221604-0q1d0,99,Mocha,feline,2,years,male,neutered,bi-color,rescued,pet-images/pet99_20250401232022.svg,29/03/2025 12:13,01/04/2025 23:20
54,canine-1743221604-0q1d1,99,Angelo,canine,2,months,male,unknown,bi-color,surrendered,pet-images/pet99_20250401232033.svg,29/03/2025 12:13,01/04/2025 23:20
55,canine-1743221604-0q1d2,99,Mellow,canine,2,months,female,unknown,bi-color,surrendered,pet-images/pet99_20250401232042.svg,29/03/2025 12:13,01/04/2025 23:20
56,canine-1743221604-0q1d3,99,Blacky,canine,2,months,male,intact,bi-color,rescued,pet-images/pet99_20250401232050.svg,29/03/2025 12:13,01/04/2025 23:20
57,feline-1743221604-0q1d4,99,Leo,feline,6,months,male,neutered,orange,rescued,pet-images/pet99_20250401232057.svg,29/03/2025 12:13,01/04/2025 23:20
58,feline-1743221604-0q1d5,99,Pikachu,feline,3,months,male,intact,orange,rescued,pet-images/pet99_20250401232111.svg,29/03/2025 12:13,01/04/2025 23:21
59,canine-1743221604-0q1d6,99,Nega,canine,2,months,female,intact,black,rescued,pet-images/pet99_20250402003740.svg,29/03/2025 12:13,02/04/2025 0:37
60,canine-1743221604-0q1d7,99,Coco,canine,2,months,male,intact,others,rescued,pet-images/pet99_20250402003750.svg,29/03/2025 12:13,02/04/2025 0:37
61,canine-1743221604-0q1d8,99,Bakie,canine,4,months,male,unknown,others,surrendered,pet-images/pet99_20250402003810.svg,29/03/2025 12:13,02/04/2025 0:38
62,canine-1743221604-0q1d9,99,Whitey,canine,2,months,female,intact,gray,surrendered,pet-images/pet99_20250402003821.svg,29/03/2025 12:13,02/04/2025 0:38
63,canine-1743221604-0q1e0,99,Lady,canine,8,months,female,intact,bi-color,rescued,pet-images/pet99_20250402003830.svg,29/03/2025 12:13,02/04/2025 0:38
64,feline-1743221604-0q1e1,99,Mocha,feline,1,months,female,unknown,bi-color,rescued,pet-images/pet99_20250402003839.svg,29/03/2025 12:13,02/04/2025 0:38
65,canine-1743221604-0q1e2,99,Chichi,canine,3,months,female,unknown,bi-color,surrendered,pet-images/pet99_20250402003845.svg,29/03/2025 12:13,02/04/2025 0:38
66,canine-1743221604-0q1e3,99,Kieter,canine,3,months,male,intact,black,rescued,pet-images/pet99_20250402003851.svg,29/03/2025 12:13,02/04/2025 0:38
67,canine-1743221604-0q1e4,99,Panda,canine,2,months,male,unknown,bi-color,rescued,pet-images/pet99_20250402003902.svg,29/03/2025 12:13,02/04/2025 0:39
68,canine-1743221604-0q1e5,99,Chowking,canine,2,months,male,unknown,bi-color,rescued,pet-images/pet99_20250402003908.svg,29/03/2025 12:13,02/04/2025 0:39
69,canine-1743221604-0q1e6,99,Brando,canine,2,months,male,unknown,bi-color,rescued,pet-images/pet99_20250402003919.svg,29/03/2025 12:13,02/04/2025 0:39
70,canine-1743221604-0q1e7,99,Cyber,canine,2,months,male,unknown,bi-color,rescued,pet-images/pet99_20250402003925.svg,29/03/2025 12:13,02/04/2025 0:39
71,canine-1743221604-0q1e8,99,Cooper,canine,2,months,female,unknown,bi-color,rescued,pet-images/pet99_20250402003931.svg,29/03/2025 12:13,02/04/2025 0:39
72,canine-1743221604-0q1e9,99,Maloy,canine,2,months,female,unknown,brown,rescued,pet-images/pet99_20250402003951.svg,29/03/2025 12:13,02/04/2025 0:39
73,canine-1743221604-0q1f0,99,Coffee,canine,2,months,male,intact,tri-color,rescued,pet-images/pet99_20250402003937.svg,29/03/2025 12:13,02/04/2025 0:39
74,feline-1743221604-0q1f1,99,Abby,feline,7,months,female,neutered,tri-color,surrendered,pet-images/pet99_20250402003957.svg,29/03/2025 12:13,02/04/2025 0:39
75,feline-1743221604-0q1f2,99,Treppy,feline,1,months,female,unknown,tri-color,rescued,pet-images/pet99_20250402004012.svg,29/03/2025 12:13,02/04/2025 0:40
76,canine-1743221604-0q1f3,99,Rocky,canine,3,months,male,unknown,black,other,pet-images/pet99_20250402003945.svg,29/03/2025 12:13,02/04/2025 0:39
77,canine-1743221604-0q1f4,99,Racka,canine,3,months,female,unknown,black,other,pet-images/pet99_20250402004005.svg,29/03/2025 12:13,02/04/2025 0:40
78,feline-1743221604-0q1f5,99,Rev,feline,1,months,male,intact,bi-color,rescued,pet-images/pet99_20250402004018.svg,29/03/2025 12:13,02/04/2025 0:40
79,canine-1743221604-0q1f6,99,Chog,canine,1,years,female,unknown,black,rescued,pet-images/pet99_20250402004032.svg,29/03/2025 12:13,02/04/2025 0:40
80,canine-1743221604-0q1f7,99,N/A,canine,1,months,male,unknown,others,other,pet-images/pet99_20250402004040.svg,29/03/2025 12:13,02/04/2025 0:40
81,canine-1743221604-0q1f8,99,N/A,canine,1,months,male,unknown,others,other,pet-images/pet99_20250402004051.svg,29/03/2025 12:13,02/04/2025 0:40
82,canine-1743221604-0q1f9,99,N/A,canine,1,months,female,unknown,others,other,pet-images/pet99_20250402004058.svg,29/03/2025 12:13,02/04/2025 0:40
83,canine-1743221604-0q1g0,99,Milkh,canine,2,months,male,unknown,white,rescued,pet-images/pet99_20250402004104.svg,29/03/2025 12:13,02/04/2025 0:41
84,canine-1743221604-0q1g1,99,Clowlate,canine,2,months,female,unknown,bi-color,rescued,pet-images/pet99_20250402004110.svg,29/03/2025 12:13,02/04/2025 0:41
85,canine-1743221604-0q1g2,99,N/A,canine,2,months,male,unknown,bi-color,rescued,pet-images/pet99_20250402004117.svg,29/03/2025 12:13,02/04/2025 0:41
86,canine-1743221604-0q1g3,99,N/A,canine,2,months,male,intact,gray,rescued,pet-images/pet99_20250402004123.svg,29/03/2025 12:13,02/04/2025 0:41
87,canine-1743221604-0q1g4,99,Tiger,canine,2,months,male,intact,white,rescued,pet-images/pet99_20250402004129.svg,29/03/2025 12:13,02/04/2025 0:41
88,canine-1743221604-0q1g5,99,Joshua,canine,3,months,male,intact,brown,rescued,pet-images/pet99_20250402004137.svg,29/03/2025 12:13,02/04/2025 0:41
89,canine-1743221604-0q1g6,99,Spot,canine,2,months,male,unknown,others,rescued,pet-images/pet99_20250402004147.svg,29/03/2025 12:13,02/04/2025 0:41
90,canine-1743221604-0q1g7,99,N/A,canine,3,months,male,unknown,bi-color,rescued,pet-images/pet99_20250402004153.svg,29/03/2025 12:13,02/04/2025 0:41
91,canine-1743221604-0q1g8,99,Max,canine,2,months,male,unknown,bi-color,rescued,pet-images/pet99_20250402004159.svg,29/03/2025 12:13,02/04/2025 0:41
92,canine-1743221604-0q1g9,99,Chichi,canine,3,months,female,unknown,bi-color,rescued,pet-images/pet99_20250402004205.svg,29/03/2025 12:13,02/04/2025 0:42
93,canine-1743221604-0q1h0,99,Pinky,canine,6,months,female,unknown,bi-color,other,pet-images/pet99_20250402004212.svg,29/03/2025 12:13,02/04/2025 0:42
94,canine-1743221604-0q1h1,99,Khay,canine,2,years,female,neutered,others,rescued,pet-images/pet99_20250402004219.svg,29/03/2025 12:13,02/04/2025 0:42
95,canine-1743221604-0q1h2,99,Cassie,canine,2,months,female,intact,bi-color,surrendered,pet-images/pet99_20250402004225.svg,29/03/2025 12:13,02/04/2025 0:42
96,feline-1743221604-0q1h3,99,Tilapia,feline,4,months,female,unknown,gray,surrendered,pet-images/pet99_20250402004231.svg,29/03/2025 12:13,02/04/2025 0:42
97,canine-1743221604-0q1h4,99,N/A,canine,1,years,female,neutered,white,surrendered,pet-images/pet99_20250402004237.svg,29/03/2025 12:13,02/04/2025 0:42
98,canine-1743221604-0q1h5,99,Alice,canine,3,months,female,intact,bi-color,surrendered,pet-images/pet99_20250402004245.svg,29/03/2025 12:13,02/04/2025 0:42
99,canine-1743221604-0q1h6,99,Pitchie,canine,3,months,female,intact,bi-color,surrendered,pet-images/pet99_20250402004255.svg,29/03/2025 12:13,02/04/2025 0:42
100,feline-1743221604-0q1h7,99,Shielo,feline,4,months,female,unknown,white,surrendered,pet-images/pet99_20250402004305.svg,29/03/2025 12:13,02/04/2025 0:43
101,canine-1743221604-0q1h8,99,Pichie,canine,3,months,female,intact,bi-color,surrendered,pet-images/pet99_20250402004319.svg,29/03/2025 12:13,02/04/2025 0:43
102,feline-1743221604-0q1h9,99,Blue Moon,feline,1,months,female,intact,white,surrendered,pet-images/pet99_20250402004326.svg,29/03/2025 12:13,02/04/2025 0:43
103,feline-1743221604-0q1i0,99,Chuchay,feline,1,months,female,intact,bi-color,surrendered,pet-images/pet99_20250402004332.svg,29/03/2025 12:13,02/04/2025 0:43
104,canine-1743221604-0q1i1,99,Browwnie,canine,3,months,male,intact,brown,surrendered,pet-images/pet99_20250402004338.svg,29/03/2025 12:13,02/04/2025 0:43
105,feline-1743221604-0q1i2,99,Sadie,feline,5,months,female,unknown,black,surrendered,pet-images/pet99_20250402004345.svg,29/03/2025 12:13,02/04/2025 0:43
106,canine-1743221604-0q1i3,99,Choco,canine,2,months,male,unknown,black,surrendered,pet-images/pet99_20250402004359.svg,29/03/2025 12:13,02/04/2025 0:43
107,feline-1743221604-0q1i4,99,Saseth,feline,6,months,female,unknown,tri-color,other,pet-images/pet99_20250402004411.svg,29/03/2025 12:13,02/04/2025 0:44
108,canine-1743221604-0q1i5,99,Negneg,canine,1,months,female,unknown,others,surrendered,pet-images/pet99_20250402004421.svg,29/03/2025 12:13,02/04/2025 0:44
109,canine-1743221604-0q1i6,99,Mochi,canine,1,months,female,unknown,others,other,pet-images/pet99_20250402004544.svg,29/03/2025 12:13,02/04/2025 0:45
110,canine-1743221604-0q1i7,99,Rudolph,canine,2,years,female,unknown,brown,other,pet-images/pet99_20250402004551.svg,29/03/2025 12:13,02/04/2025 0:45
111,feline-1743221604-0q1i8,99,Zoey,feline,1,years,female,intact,white,other,pet-images/pet99_20250402004558.svg,29/03/2025 12:13,02/04/2025 0:45
112,canine-1743221604-0q1i9,99,N/A,canine,1,months,female,unknown,brown,other,pet-images/pet99_20250402004733.svg,29/03/2025 12:13,02/04/2025 0:47
113,canine-1743221604-0q1j0,99,Cal,canine,2,years,male,unknown,black,other,pet-images/pet99_20250402004740.svg,29/03/2025 12:13,02/04/2025 0:47
114,feline-1743221604-0q1j1,99,Pebbles,feline,4,months,female,unknown,bi-color,surrendered,pet-images/pet99_20250402004858.svg,29/03/2025 12:13,02/04/2025 0:48
117,canine-1743221604-0q1j4,99,Bingo,canine,1,months,male,unknown,bi-color,rescued,pet-images/pet99_20250402005000.svg,29/03/2025 12:13,02/04/2025 0:50
118,canine-1743221604-0q1j5,99,Picnic,canine,2,months,female,intact,black,other,pet-images/pet99_20250402005008.svg,29/03/2025 12:13,02/04/2025 0:50
119,canine-1743221604-0q1j6,99,Spot,canine,2,months,male,intact,bi-color,other,pet-images/pet99_20250402005211.svg,29/03/2025 12:13,02/04/2025 0:52
120,canine-1743221604-0q1j7,99,Koyti,canine,2,months,male,unknown,bi-color,other,pet-images/pet99_20250402005220.svg,29/03/2025 12:13,02/04/2025 0:52
121,canine-1743221604-0q1j8,99,Chigui,canine,2,months,female,unknown,brindle,other,pet-images/pet99_20250402005226.svg,29/03/2025 12:13,02/04/2025 0:52
122,canine-1743221604-0q1j9,99,Bait,canine,5,years,female,unknown,others,other,pet-images/pet99_20250402005233.svg,29/03/2025 12:13,02/04/2025 0:52
123,feline-1743221604-0q1k0,99,Kobe,feline,1,months,female,unknown,others,other,pet-images/pet99_20250402005239.svg,29/03/2025 12:13,02/04/2025 0:52
124,canine-1743221604-0q1k1,99,Naynay,canine,1,months,female,unknown,others,other,pet-images/pet99_20250402005246.svg,29/03/2025 12:13,02/04/2025 0:52
125,feline-1743221604-0q1k2,99,Happy,feline,1,weeks,female,intact,bi-color,rescued,pet-images/pet99_20250401222157.svg,29/03/2025 12:13,01/04/2025 22:21
126,feline-1743221604-0q1k3,99,Naynay,feline,2,months,male,unknown,others,surrendered,pet-images/pet99_20250402005257.svg,29/03/2025 12:13,02/04/2025 0:52
127,canine-1743221604-0q1k4,99,Elmo,canine,1,years,male,intact,bi-color,rescued,pet-images/pet99_20250402005251.svg,29/03/2025 12:13,02/04/2025 0:52
128,canine-1743221604-0q1k5,99,N/A,canine,2,months,male,unknown,others,surrendered,pet-images/pet99_20250402005305.svg,29/03/2025 12:13,02/04/2025 0:53
129,feline-1743221604-0q1k6,99,Aki,feline,3,months,female,intact,tri-color,surrendered,pet-images/pet99_20250402005332.svg,29/03/2025 12:13,02/04/2025 0:53
130,feline-1743221604-0q1k7,99,Jepper,feline,2,years,female,unknown,others,surrendered,pet-images/pet99_20250402005338.svg,29/03/2025 12:13,02/04/2025 0:53
131,canine-1743221604-0q1k8,99,Blacky,canine,3,months,male,neutered,others,surrendered,pet-images/pet99_20250402005343.svg,29/03/2025 12:13,02/04/2025 0:53
132,canine-1743221604-0q1k9,99,N/A,canine,3,months,male,neutered,others,surrendered,pet-images/pet99_20250402005348.svg,29/03/2025 12:13,02/04/2025 0:53
133,feline-1743221604-0q1l0,99,Princess,feline,2,years,female,neutered,others,surrendered,pet-images/pet99_20250402005355.svg,29/03/2025 12:13,02/04/2025 0:53
134,feline-1743221604-0q1l1,99,Snow,feline,2,months,female,unknown,others,surrendered,pet-images/pet99_20250402005400.svg,29/03/2025 12:13,02/04/2025 0:54
135,feline-1743221604-0q1l2,99,Black,feline,3,years,male,unknown,others,surrendered,pet-images/pet99_20250402005406.svg,29/03/2025 12:13,02/04/2025 0:54
136,feline-1743221604-0q1l3,99,Bobby,feline,2,months,male,unknown,tabby,rescued,pet-images/pet99_20250402005411.svg,29/03/2025 12:13,02/04/2025 0:54
137,feline-1743221604-0q1l4,99,Sherlie,feline,1,years,female,neutered,tri-color,rescued,pet-images/pet99_20250402005417.svg,29/03/2025 12:13,02/04/2025 0:54
138,feline-1743221604-0q1l5,99,Cassie,feline,3,months,female,unknown,others,rescued,pet-images/pet99_20250402005423.svg,29/03/2025 12:13,02/04/2025 0:54
139,canine-1743221604-0q1l6,99,Chichi,canine,1,months,female,unknown,others,other,pet-images/pet99_20250402005438.svg,29/03/2025 12:13,02/04/2025 0:54
140,feline-1743221604-0q1l7,99,Coffee,feline,1,months,female,unknown,others,surrendered,pet-images/pet99_20250402005445.svg,29/03/2025 12:13,02/04/2025 0:54
141,feline-1743221604-0q1l8,99,White,feline,2,months,female,intact,white,surrendered,pet-images/pet99_20250402005452.svg,29/03/2025 12:13,02/04/2025 0:54
142,feline-1743221604-0q1l9,99,Gigi,feline,1,months,female,intact,orange,surrendered,pet-images/pet99_20250402005458.svg,29/03/2025 12:13,02/04/2025 0:54
143,canine-1743221604-0q1m0,99,Noe,canine,3,months,male,intact,tri-color,surrendered,pet-images/pet99_20250402005504.svg,29/03/2025 12:13,02/04/2025 0:55
144,canine-1743221604-0q1m1,99,Yukie,canine,3,months,male,intact,others,surrendered,pet-images/pet99_20250402005509.svg,29/03/2025 12:13,02/04/2025 0:55
145,feline-1743221604-0q1m2,99,Dova,feline,3,months,female,intact,white,surrendered,pet-images/pet99_20250402005517.svg,29/03/2025 12:13,02/04/2025 0:55
146,canine-1743221604-0q1m3,99,N/A,canine,2,months,male,intact,bi-color,surrendered,pet-images/pet99_20250402005524.svg,29/03/2025 12:13,02/04/2025 0:55
147,canine-1743221604-0q1m4,99,N/A,canine,2,months,male,intact,white,surrendered,pet-images/pet99_20250402005530.svg,29/03/2025 12:13,02/04/2025 0:55
148,canine-1743221604-0q1m5,99,Cheetah,canine,3,months,female,intact,bi-color,surrendered,pet-images/pet99_20250402005539.svg,29/03/2025 12:13,02/04/2025 0:55
149,canine-1743221604-0q1m6,99,AC,canine,3,months,female,intact,others,surrendered,pet-images/pet99_20250402005629.svg,29/03/2025 12:13,02/04/2025 0:56
150,canine-1743221604-0q1m7,99,Pogi,canine,3,months,male,intact,tri-color,surrendered,pet-images/pet99_20250402005634.svg,29/03/2025 12:13,02/04/2025 0:56
151,canine-1743221604-0q1m8,99,Pochie,canine,2,months,male,intact,others,surrendered,pet-images/pet99_20250402005640.svg,29/03/2025 12:13,02/04/2025 0:56
152,canine-1743221604-0q1m9,99,Tootchie,canine,2,months,male,intact,others,surrendered,pet-images/pet99_20250402005645.svg,29/03/2025 12:13,02/04/2025 0:56
153,feline-1743221604-0q1n0,99,Dyesebel,feline,1,months,female,intact,tri-color,surrendered,pet-images/pet99_20250402005651.svg,29/03/2025 12:13,02/04/2025 0:56
154,feline-1743221604-0q1n1,99,Darna,feline,2,months,female,intact,bi-color,surrendered,pet-images/pet99_20250402005656.svg,29/03/2025 12:13,02/04/2025 0:56
155,feline-1743221604-0q1n2,99,Angel,feline,4,months,male,intact,orange,surrendered,pet-images/pet99_20250402005701.svg,29/03/2025 12:13,02/04/2025 0:57
156,canine-mixed-1743221604-0q1c2,99,Cinamon,canine,1,months,male,intact,bi-color,surrendered,pet-images/pet99_20250401222332.svg,01/04/2025 12:00,01/04/2025 22:23
157,canine-mixed-1743221604-0q1c3,99,Dash,canine,1,months,male,intact,brown,surrendered,pet-images/pet99_20250401222234.svg,01/04/2025 12:00,01/04/2025 22:22
158,canine-mixed-1743221604-0q1c4,99,Katana,canine,1,months,female,intact,bi-color,surrendered,pet-images/pet99_20250401222306.svg,01/04/2025 12:00,01/04/2025 22:23
159,canine-mixed-1743221604-0q1c5,99,Evara,canine,1,months,male,intact,brown,surrendered,pet-images/pet99_20250401222257.svg,01/04/2025 12:00,01/04/2025 22:22
160,feline-mixed-1743221604-0q1c6,99,Cathy,feline,3,months,female,intact,tri-color,surrendered,pet-images/pet99_20250401222247.svg,01/04/2025 12:00,01/04/2025 22:22
